letter;weight_I;relative_weight_I;weight_II;relative_weight_II;weight_III;relative_weight_III;weight_IV;relative_weight_IV;total_weight;relative_total_weight;center_y;center_x;relative_center_y;relative_center_x;inertia_y;inertia_x;relative_inertia_y;relative_inertia_x;profile_x;profile_y
ა;7.780392156862745;0.0048627450980392155;72.47843137254903;0.04529901960784314;77.16078431372549;0.04822549019607843;93.87843137254902;0.05867401960784314;251.2980392156863;0.03926531862745098;43.251931149638736;42.419328662161945;0.5406491393704842;0.5302416082770243;9706.1145863492;19398.222837334244;0.00023696568814329103;0.0004735894247396056;"0.0;0.0;0.0;0.0;0.0;0.0;0.0;0.0;0.0;0.0;0.0;0.0;0.0;0.0;0.0;0.0;0.0;0.0;0.0;0.0;0.0;0.0;0.0;0.0;0.0;0.0;0.0;0.0;0.0;0.0;0.0;1.8;10.415686274509804;13.129411764705882;14.380392156862746;15.24705882352941;10.298039215686275;5.149019607843138;5.76078431372549;8.760784313725491;10.329411764705883;11.6;12.709803921568627;11.772549019607844;10.494117647058824;10.427450980392157;11.258823529411766;13.509803921568627;19.533333333333335;18.87450980392157;16.48235294117647;13.066666666666666;6.298039215686274;0.0;0.0;0.0;0.0;0.0;0.0;0.0;0.0;0.0;0.0;0.0;0.0;0.0;0.0;0.0;0.0;0.0;0.0;0.0;0.0;0.0;0.0;0.0;0.0;0.0;0.0;0.0";"0.0;0.0;0.0;0.0;0.0;0.0;0.0;0.0;0.0;0.0;0.0;0.0;0.0;0.0;0.0;0.0;0.0;0.0;0.0;0.0;0.0;0.0;0.0;0.0;0.0;3.8;4.807843137254902;4.890196078431373;5.011764705882353;5.1568627450980395;5.317647058823529;5.490196078431373;5.658823529411765;5.815686274509804;5.870588235294117;5.776470588235294;5.580392156862745;5.3803921568627455;5.196078431372549;6.5058823529411764;9.384313725490196;9.266666666666667;9.180392156862744;9.137254901960784;9.117647058823529;9.098039215686274;9.086274509803921;9.184313725490195;9.231372549019607;9.427450980392157;9.780392156862746;10.392156862745098;12.04313725490196;16.04313725490196;14.454901960784314;11.470588235294118;4.741176470588235;0.0;0.0;0.0;0.0;0.0;0.0;0.0;0.0;0.0;0.0;0.0;0.0;0.0;0.0;0.0;0.0;0.0;0.0;0.0;0.0;0.0;0.0;0.0"
ბ;71.72941176470589;0.04483088235294118;119.17254901960784;0.0744828431372549;74.51764705882353;0.04657352941176471;92.6156862745098;0.057884803921568626;358.0352941176471;0.05594301470588236;37.46329094513631;41.84750106791969;0.46829113681420387;0.523093763348996;14422.759832818218;51869.1204690299;0.0003521181599809135;0.0012663359489509252;"0.0;0.0;0.0;0.0;0.0;0.0;0.0;0.0;0.0;0.0;0.0;0.0;0.0;0.0;0.0;0.0;0.0;0.0;0.0;0.0;0.0;0.0;0.0;0.0;0.0;0.0;0.0;0.0;0.0;0.0;0.0;2.9098039215686273;13.882352941176471;18.8;21.890196078431373;24.254901960784313;20.313725490196077;15.647058823529411;14.415686274509804;14.133333333333333;13.792156862745099;13.215686274509803;17.08235294117647;16.95686274509804;16.258823529411764;14.309803921568628;9.48235294117647;11.674509803921568;18.658823529411766;24.188235294117646;21.92156862745098;18.67450980392157;13.4;2.172549019607843;0.0;0.0;0.0;0.0;0.0;0.0;0.0;0.0;0.0;0.0;0.0;0.0;0.0;0.0;0.0;0.0;0.0;0.0;0.0;0.0;0.0;0.0;0.0;0.0;0.0;0.0";"0.0;0.0;0.0;0.0;0.0;0.0;0.0;0.0;0.0;0.0;0.0;0.0;2.556862745098039;4.788235294117647;5.086274509803921;5.356862745098039;5.529411764705882;5.56078431372549;5.262745098039216;4.749019607843137;4.325490196078431;4.0588235294117645;3.8745098039215686;3.764705882352941;3.7098039215686276;3.7019607843137257;3.7137254901960786;4.956862745098039;9.415686274509804;12.415686274509804;13.588235294117647;10.764705882352942;9.760784313725491;9.345098039215687;9.207843137254901;9.066666666666666;9.113725490196078;9.04313725490196;9.090196078431372;9.094117647058823;9.094117647058823;9.113725490196078;9.109803921568627;9.090196078431372;9.074509803921568;9.16078431372549;9.125490196078431;9.176470588235293;9.325490196078432;9.443137254901961;9.75294117647059;10.341176470588236;11.803921568627452;15.294117647058824;13.607843137254902;10.588235294117647;4.031372549019608;0.0;0.0;0.0;0.0;0.0;0.0;0.0;0.0;0.0;0.0;0.0;0.0;0.0;0.0;0.0;0.0;0.0;0.0;0.0;0.0;0.0;0.0;0.0"
გ;35.72156862745098;0.02232598039215686;77.73333333333333;0.04858333333333333;120.56078431372549;0.07535049019607844;161.11764705882354;0.10069852941176471;395.1333333333333;0.061739583333333334;46.416856062485735;42.62654452703977;0.5802107007810717;0.5328318065879971;21047.96958434502;57848.09886926852;0.0005138664449302983;0.001412307101300501;"0.0;0.0;0.0;0.0;0.0;0.0;0.0;0.0;0.0;0.0;0.0;0.0;0.0;0.0;0.0;0.0;0.0;0.0;0.0;0.0;0.0;0.0;0.0;0.0;0.0;0.0;0.0;0.0;0.0;0.0;4.286274509803921;11.749019607843136;15.447058823529412;18.68235294117647;25.20392156862745;20.815686274509805;18.28627450980392;16.95294117647059;13.27450980392157;11.584313725490196;11.003921568627451;10.674509803921568;10.858823529411765;11.552941176470588;12.941176470588236;15.192156862745097;19.48627450980392;19.96470588235294;19.172549019607843;18.031372549019608;15.462745098039216;19.611764705882354;18.99607843137255;16.4;12.91764705882353;6.584313725490196;0.0;0.0;0.0;0.0;0.0;0.0;0.0;0.0;0.0;0.0;0.0;0.0;0.0;0.0;0.0;0.0;0.0;0.0;0.0;0.0;0.0;0.0;0.0;0.0";"0.0;0.0;0.0;0.0;0.0;0.0;0.0;0.0;0.0;0.0;0.0;0.0;0.0;0.0;0.0;0.0;0.0;0.0;0.0;0.0;0.0;0.0;0.0;0.0;0.0;3.9411764705882355;10.75686274509804;13.435294117647059;13.670588235294117;9.705882352941176;8.678431372549019;8.39607843137255;8.345098039215687;7.152941176470589;4.309803921568627;4.247058823529412;4.341176470588235;4.462745098039216;4.713725490196079;7.298039215686274;11.231372549019607;14.309803921568628;14.329411764705883;11.63921568627451;10.627450980392156;10.168627450980392;9.894117647058824;9.678431372549019;9.545098039215686;9.325490196078432;9.27450980392157;9.133333333333333;9.129411764705882;9.125490196078431;9.109803921568627;9.215686274509803;9.227450980392156;9.43921568627451;9.662745098039215;10.054901960784314;10.764705882352942;11.874509803921569;15.556862745098039;16.28235294117647;13.454901960784314;8.972549019607843;0.6509803921568628;0.0;0.0;0.0;0.0;0.0;0.0;0.0;0.0;0.0;0.0;0.0;0.0;0.0"
დ;94.07058823529412;0.05879411764705883;150.07843137254903;0.09379901960784315;128.41176470588235;0.08025735294117647;180.95686274509805;0.11309803921568629;553.5176470588236;0.0864871323529412;42.45046653488916;41.812365831367295;0.5306308316861145;0.5226545728920912;65571.53998697229;71948.67622266148;0.0016008676754631908;0.0017565594780923214;"0.0;0.0;0.0;0.0;0.0;0.0;0.0;0.0;0.0;0.0;0.0;0.0;0.0;0.0;0.0;0.0;0.0;0.0;0.0;0.0;0.0;0.0;0.0;0.0;2.843137254901961;13.568627450980392;18.623529411764707;23.105882352941176;27.356862745098038;23.45098039215686;18.015686274509804;15.20392156862745;13.466666666666667;12.27450980392157;10.784313725490197;9.525490196078431;8.6;8.24313725490196;8.219607843137254;9.2;19.49019607843137;21.92549019607843;24.105882352941176;26.294117647058822;20.19607843137255;15.24705882352941;13.870588235294118;13.945098039215686;13.011764705882353;11.886274509803922;10.886274509803922;9.619607843137254;7.67843137254902;7.886274509803922;8.847058823529412;10.929411764705883;16.55294117647059;22.95686274509804;20.980392156862745;18.129411764705882;13.533333333333333;3.062745098039216;0.0;0.0;0.0;0.0;0.0;0.0;0.0;0.0;0.0;0.0;0.0;0.0;0.0;0.0;0.0;0.0;0.0;0.0";"0.0;0.0;0.0;0.0;0.0;0.0;0.0;0.0;0.0;0.0;0.0;0.0;0.0;0.0;0.0;0.0;0.0;0.0;0.0;0.0;0.0;0.0;0.0;0.0;0.0;3.2980392156862743;17.643137254901962;24.478431372549018;28.784313725490197;25.258823529411764;19.29019607843137;16.474509803921567;14.788235294117648;13.72549019607843;13.470588235294118;13.462745098039216;13.352941176470589;13.35686274509804;13.380392156862746;13.384313725490196;13.364705882352942;13.419607843137255;13.494117647058824;13.490196078431373;13.698039215686274;13.83921568627451;14.16470588235294;14.862745098039216;16.36470588235294;20.12156862745098;18.533333333333335;15.631372549019607;9.023529411764706;5.4941176470588236;5.847058823529411;6.4980392156862745;7.749019607843137;11.290196078431373;15.309803921568628;17.192156862745097;14.2;11.290196078431373;8.31764705882353;5.9411764705882355;5.227450980392157;5.003921568627451;0.0;0.0;0.0;0.0;0.0;0.0;0.0;0.0;0.0;0.0;0.0;0.0;0.0;0.0"
ე;60.490196078431374;0.03780637254901961;79.82745098039216;0.0498921568627451;80.57254901960785;0.05035784313725491;130.6313725490196;0.08164460784313725;351.52156862745096;0.05492524509803921;45.73646221468574;42.70164439188737;0.5717057776835717;0.5337705548985922;16183.226578888769;58859.37037999028;0.0003950983051486516;0.0014369963471677315;"0.0;0.0;0.0;0.0;0.0;0.0;0.0;0.0;0.0;0.0;0.0;0.0;0.0;0.0;0.0;0.0;0.0;0.0;0.0;0.0;0.0;0.0;0.0;0.0;0.0;0.0;0.0;0.0;0.0;0.0;0.0;1.815686274509804;10.505882352941176;18.41176470588235;25.56078431372549;27.819607843137256;23.23921568627451;16.24313725490196;9.666666666666666;7.8;7.341176470588235;7.125490196078432;7.109803921568627;7.1568627450980395;7.466666666666667;7.984313725490196;9.168627450980392;12.074509803921568;36.705882352941174;36.03921568627451;33.73725490196078;29.858823529411765;8.690196078431372;0.0;0.0;0.0;0.0;0.0;0.0;0.0;0.0;0.0;0.0;0.0;0.0;0.0;0.0;0.0;0.0;0.0;0.0;0.0;0.0;0.0;0.0;0.0;0.0;0.0;0.0;0.0";"0.0;0.0;0.0;0.0;0.0;0.0;0.0;0.0;0.0;0.0;0.0;0.0;0.0;0.0;0.0;0.0;0.0;0.0;0.0;0.0;0.0;0.0;0.0;0.0;0.0;1.9294117647058824;9.68235294117647;13.066666666666666;15.125490196078431;12.568627450980392;9.882352941176471;9.137254901960784;8.737254901960783;8.611764705882353;8.505882352941176;8.552941176470588;8.6;8.619607843137254;8.63921568627451;8.658823529411764;8.686274509803921;4.517647058823529;4.317647058823529;4.317647058823529;4.317647058823529;4.317647058823529;4.317647058823529;4.317647058823529;4.317647058823529;5.070588235294117;8.717647058823529;8.75294117647059;8.780392156862746;8.815686274509805;8.847058823529412;8.862745098039216;8.847058823529412;8.901960784313726;9.031372549019608;9.258823529411766;9.760784313725491;10.741176470588234;14.270588235294118;15.670588235294117;13.294117647058824;9.211764705882352;0.9411764705882353;0.0;0.0;0.0;0.0;0.0;0.0;0.0;0.0;0.0;0.0;0.0;0.0;0.0"
ვ;56.80392156862745;0.035502450980392154;84.06274509803922;0.05253921568627451;76.30588235294118;0.04769117647058824;158.41960784313724;0.09901225490196078;375.5921568627451;0.058686274509803925;45.64517206815904;42.807195957233546;0.570564650851988;0.5350899494654193;15866.414433514803;61262.10795123262;0.0003873636336307325;0.00149565693240314;"0.0;0.0;0.0;0.0;0.0;0.0;0.0;0.0;0.0;0.0;0.0;0.0;0.0;0.0;0.0;0.0;0.0;0.0;0.0;0.0;0.0;0.0;0.0;0.0;0.0;0.0;0.0;0.0;0.0;0.0;0.0;1.7098039215686274;11.63921568627451;20.945098039215686;23.690196078431374;25.372549019607842;20.870588235294118;11.905882352941177;8.419607843137255;8.556862745098039;11.156862745098039;10.968627450980392;10.952941176470588;11.215686274509803;12.149019607843137;13.694117647058823;16.349019607843136;21.431372549019606;34.41960784313726;33.78431372549019;30.0;24.36862745098039;11.992156862745098;0.0;0.0;0.0;0.0;0.0;0.0;0.0;0.0;0.0;0.0;0.0;0.0;0.0;0.0;0.0;0.0;0.0;0.0;0.0;0.0;0.0;0.0;0.0;0.0;0.0;0.0;0.0";"0.0;0.0;0.0;0.0;0.0;0.0;0.0;0.0;0.0;0.0;0.0;0.0;0.0;0.0;0.0;0.0;0.0;0.0;0.0;0.0;0.0;0.0;0.0;0.0;0.0;2.164705882352941;10.68235294117647;14.294117647058824;16.4078431372549;13.192156862745097;10.341176470588236;9.470588235294118;9.168627450980392;9.027450980392157;9.090196078431372;9.07843137254902;9.062745098039215;9.058823529411764;5.1568627450980395;4.670588235294118;4.8392156862745095;5.211764705882353;7.858823529411764;8.215686274509803;9.68235294117647;10.75294117647059;6.1568627450980395;5.035294117647059;4.741176470588235;5.109803921568627;9.015686274509804;9.023529411764706;9.04313725490196;9.066666666666666;9.086274509803921;9.105882352941176;9.098039215686274;9.141176470588235;9.27450980392157;9.494117647058824;10.003921568627451;10.996078431372549;14.615686274509804;16.08627450980392;13.650980392156862;9.458823529411765;0.9607843137254902;0.0;0.0;0.0;0.0;0.0;0.0;0.0;0.0;0.0;0.0;0.0;0.0;0.0"
ზ;134.09019607843138;0.08380637254901961;127.74509803921569;0.07984068627450981;76.76862745098039;0.04798039215686274;89.96470588235294;0.05622794117647059;428.56862745098044;0.06696384803921569;34.62444983300544;40.123026947888555;0.432805622912568;0.501537836848607;18091.399618375053;71009.63400018122;0.0004416845609954847;0.0017336336425825493;"0.0;0.0;0.0;0.0;0.0;0.0;0.0;0.0;0.0;0.0;0.0;0.0;0.0;0.0;0.0;0.0;0.0;0.0;0.0;0.0;0.0;0.0;0.0;0.0;0.0;0.0;0.0;0.0;0.0;0.0;6.090196078431372;19.29019607843137;29.686274509803923;35.05490196078431;34.745098039215684;29.63137254901961;18.737254901960785;14.258823529411766;12.152941176470588;11.211764705882352;11.08235294117647;12.015686274509804;15.105882352941176;22.07843137254902;21.63921568627451;20.266666666666666;18.180392156862744;16.886274509803922;23.466666666666665;21.44705882352941;18.529411764705884;13.847058823529412;3.164705882352941;0.0;0.0;0.0;0.0;0.0;0.0;0.0;0.0;0.0;0.0;0.0;0.0;0.0;0.0;0.0;0.0;0.0;0.0;0.0;0.0;0.0;0.0;0.0;0.0;0.0;0.0;0.0";"0.0;0.0;0.0;0.0;0.0;0.0;0.0;0.0;0.0;0.0;0.0;0.0;2.2509803921568627;8.850980392156863;11.91764705882353;13.239215686274509;10.027450980392157;8.980392156862745;8.572549019607843;8.423529411764706;8.313725490196079;8.294117647058824;8.192156862745097;8.08235294117647;7.901960784313726;7.76078431372549;7.654901960784314;7.976470588235294;10.24705882352941;11.91764705882353;12.392156862745098;13.945098039215686;11.654901960784313;9.992156862745098;9.470588235294118;9.286274509803922;9.152941176470588;9.125490196078431;9.098039215686274;9.113725490196078;9.094117647058823;9.105882352941176;9.109803921568627;9.101960784313725;9.07843137254902;9.133333333333333;9.172549019607843;9.16078431372549;9.333333333333334;9.450980392156863;9.729411764705882;10.337254901960785;11.729411764705882;15.16470588235294;13.494117647058824;10.509803921568627;4.027450980392157;0.0;0.0;0.0;0.0;0.0;0.0;0.0;0.0;0.0;0.0;0.0;0.0;0.0;0.0;0.0;0.0;0.0;0.0;0.0;0.0;0.0;0.0;0.0"
თ;77.43921568627451;0.04839950980392157;139.2980392156863;0.08706127450980393;97.74509803921569;0.06109068627450981;146.09411764705882;0.09130882352941176;460.57647058823534;0.07196507352941177;40.91815882908887;43.052295929227654;0.5114769853636109;0.5381536991153457;59148.16783687326;35149.91899084394;0.0014440470663299135;0.0008581523191124008;"0.0;0.0;0.0;0.0;0.0;0.0;0.0;0.0;0.0;0.0;0.0;0.0;0.0;0.0;0.0;0.0;0.0;0.0;0.0;0.0;0.0;0.0;0.0;0.0;0.0;3.0431372549019606;14.411764705882353;19.415686274509802;22.49411764705882;24.619607843137256;17.67843137254902;11.35686274509804;9.047058823529412;7.968627450980392;7.329411764705882;7.113725490196078;7.117647058823529;7.254901960784314;7.733333333333333;8.6;10.313725490196079;13.95686274509804;23.603921568627452;23.28235294117647;20.63921568627451;18.270588235294117;13.062745098039215;4.607843137254902;4.1686274509803924;3.819607843137255;3.7058823529411766;4.556862745098039;5.76078431372549;7.2;9.062745098039215;11.486274509803922;14.92156862745098;22.24705882352941;23.309803921568626;20.45098039215686;16.55686274509804;10.188235294117646;0.2196078431372549;0.0;0.0;0.0;0.0;0.0;0.0;0.0;0.0;0.0;0.0;0.0;0.0;0.0;0.0;0.0;0.0;0.0";"0.0;0.0;0.0;0.0;0.0;0.0;0.0;0.0;0.0;0.0;0.0;0.0;0.0;0.0;0.0;0.0;0.0;0.0;0.0;0.0;0.0;0.0;0.0;0.0;0.0;0.0;0.0;2.6823529411764704;16.227450980392156;22.95294117647059;27.235294117647058;24.529411764705884;19.819607843137256;17.44705882352941;15.764705882352942;14.541176470588235;14.011764705882353;13.87843137254902;13.870588235294118;13.776470588235295;13.741176470588234;13.741176470588234;13.729411764705882;13.666666666666666;13.619607843137254;13.627450980392156;13.650980392156862;13.635294117647058;13.83529411764706;13.968627450980392;14.298039215686275;14.972549019607843;16.462745098039214;20.011764705882353;18.501960784313727;15.741176470588234;6.635294117647059;0.0;0.0;0.0;0.0;0.0;0.0;0.0;0.0;0.0;0.0;0.0;0.0;0.0;0.0;0.0;0.0;0.0;0.0;0.0;0.0;0.0;0.0;0.0"
ი;55.937254901960785;0.03496078431372549;73.55686274509804;0.045973039215686275;72.82352941176471;0.04551470588235294;72.69803921568628;0.04543627450980393;275.0156862745098;0.04297120098039216;40.669865533516806;41.94618488784953;0.5083733191689601;0.5243273110981191;14319.117261830368;19101.6891248313;0.00034958782377515546;0.00046634983214920167;"0.0;0.0;0.0;0.0;0.0;0.0;0.0;0.0;0.0;0.0;0.0;0.0;0.0;0.0;0.0;0.0;0.0;0.0;0.0;0.0;0.0;0.0;0.0;0.0;0.0;0.0;0.0;0.0;0.0;0.0;0.0;2.7529411764705882;13.79607843137255;19.611764705882354;23.67058823529412;26.19607843137255;19.109803921568627;11.415686274509804;7.482352941176471;4.7254901960784315;3.7137254901960786;3.5725490196078433;3.552941176470588;3.5725490196078433;3.7411764705882353;4.956862745098039;7.780392156862745;11.807843137254903;20.11764705882353;26.015686274509804;23.24313725490196;19.109803921568627;13.08235294117647;1.988235294117647;0.0;0.0;0.0;0.0;0.0;0.0;0.0;0.0;0.0;0.0;0.0;0.0;0.0;0.0;0.0;0.0;0.0;0.0;0.0;0.0;0.0;0.0;0.0;0.0;0.0;0.0";"0.0;0.0;0.0;0.0;0.0;0.0;0.0;0.0;0.0;0.0;0.0;0.0;0.0;0.0;0.0;0.0;0.0;0.0;0.0;0.0;0.0;0.0;0.0;0.0;0.0;0.0;0.0;1.8509803921568628;9.537254901960784;13.149019607843137;15.380392156862746;13.254901960784315;10.75294117647059;9.952941176470588;9.568627450980392;9.4;9.215686274509803;9.192156862745097;9.149019607843137;9.090196078431372;9.113725490196078;9.113725490196078;9.113725490196078;9.113725490196078;9.094117647058823;9.050980392156863;9.062745098039215;9.062745098039215;9.023529411764706;9.019607843137255;9.054901960784314;9.08235294117647;9.086274509803921;9.152941176470588;9.215686274509803;9.16078431372549;0.0;0.0;0.0;0.0;0.0;0.0;0.0;0.0;0.0;0.0;0.0;0.0;0.0;0.0;0.0;0.0;0.0;0.0;0.0;0.0;0.0;0.0;0.0;0.0"
კ;0.0;0.0;68.61176470588235;0.04288235294117647;85.98039215686275;0.05373774509803922;156.0313725490196;0.09751960784313725;310.6235294117647;0.048534926470588234;49.07406986579807;43.84745420343648;0.6134258733224759;0.548093177542956;12152.33642800048;40800.197772930835;0.0002966879010742305;0.0009960985784406942;"0.0;0.0;0.0;0.0;0.0;0.0;0.0;0.0;0.0;0.0;0.0;0.0;0.0;0.0;0.0;0.0;0.0;0.0;0.0;0.0;0.0;0.0;0.0;0.0;0.0;0.0;0.0;0.0;0.0;0.0;0.0;3.388235294117647;10.929411764705883;13.152941176470588;14.141176470588235;14.63921568627451;8.196078431372548;6.023529411764706;7.898039215686275;7.6117647058823525;7.5058823529411764;7.67843137254902;8.011764705882353;8.831372549019608;10.745098039215685;13.329411764705883;16.83921568627451;23.666666666666668;35.917647058823526;33.83529411764706;29.172549019607843;22.011764705882353;7.098039215686274;0.0;0.0;0.0;0.0;0.0;0.0;0.0;0.0;0.0;0.0;0.0;0.0;0.0;0.0;0.0;0.0;0.0;0.0;0.0;0.0;0.0;0.0;0.0;0.0;0.0;0.0;0.0";"0.0;0.0;0.0;0.0;0.0;0.0;0.0;0.0;0.0;0.0;0.0;0.0;0.0;0.0;0.0;0.0;0.0;0.0;0.0;0.0;0.0;0.0;0.0;0.0;0.0;1.1019607843137256;5.674509803921569;5.392156862745098;5.129411764705883;4.898039215686275;4.7254901960784315;4.556862745098039;4.466666666666667;4.372549019607843;4.368627450980392;4.392156862745098;4.470588235294118;4.643137254901961;4.9450980392156865;5.474509803921569;6.427450980392157;9.117647058823529;9.031372549019608;10.662745098039215;12.066666666666666;7.070588235294117;5.066666666666666;4.749019607843137;4.627450980392157;5.317647058823529;8.901960784313726;8.945098039215686;8.980392156862745;9.019607843137255;9.058823529411764;9.101960784313725;9.152941176470588;9.2;9.36078431372549;9.584313725490196;10.117647058823529;11.125490196078431;14.776470588235295;16.227450980392156;13.784313725490197;9.556862745098039;0.9803921568627451;0.0;0.0;0.0;0.0;0.0;0.0;0.0;0.0;0.0;0.0;0.0;0.0;0.0"
ლ;135.12549019607843;0.08445343137254901;193.53725490196078;0.12096078431372549;148.6705882352941;0.09291911764705882;131.90980392156862;0.08244362745098038;609.2431372549019;0.09519424019607842;40.809026950829384;43.57379455061567;0.5101128368853673;0.5446724318826959;136186.60091127243;82979.33733570257;0.003324868186310362;0.002025862727922426;"0.0;0.0;0.0;0.0;0.0;0.0;0.0;0.0;0.0;0.0;0.0;0.0;0.0;0.0;0.0;0.0;0.0;0.0;0.0;0.0;2.407843137254902;11.701960784313725;16.137254901960784;19.007843137254902;21.211764705882352;16.654901960784315;13.282352941176471;13.39607843137255;14.125490196078431;13.513725490196078;12.788235294117648;12.321568627450981;11.972549019607843;11.737254901960783;11.772549019607844;12.137254901960784;17.176470588235293;18.32549019607843;16.607843137254903;17.51764705882353;14.650980392156862;8.929411764705883;8.074509803921568;7.764705882352941;7.682352941176471;7.682352941176471;7.807843137254902;7.988235294117647;8.329411764705883;9.035294117647059;11.949019607843137;18.5921568627451;17.933333333333334;18.349019607843136;18.776470588235295;10.96078431372549;7.203921568627451;4.286274509803921;3.623529411764706;3.552941176470588;3.835294117647059;4.980392156862745;6.419607843137255;8.176470588235293;10.509803921568627;14.231372549019607;20.533333333333335;19.16470588235294;16.396078431372548;12.611764705882353;5.415686274509804;0.0;0.0;0.0;0.0;0.0;0.0;0.0;0.0;0.0";"0.0;0.0;0.0;0.0;0.0;0.0;0.0;0.0;0.0;0.0;0.0;0.0;0.0;0.0;0.0;0.0;0.0;0.0;0.0;0.0;0.0;0.0;0.0;0.0;0.0;6.352941176470588;25.298039215686273;34.08627450980392;39.792156862745095;31.619607843137256;24.941176470588236;21.988235294117647;20.00392156862745;18.83137254901961;18.2;17.905882352941177;17.694117647058825;17.51764705882353;17.301960784313724;17.129411764705882;17.050980392156863;13.03921568627451;9.474509803921569;9.698039215686274;9.913725490196079;10.258823529411766;10.619607843137254;11.04313725490196;11.572549019607843;9.298039215686275;7.223529411764706;7.784313725490196;8.505882352941176;9.298039215686275;10.262745098039217;12.098039215686274;17.847058823529412;22.333333333333332;20.03529411764706;15.16470588235294;11.019607843137255;7.8313725490196076;5.486274509803922;4.768627450980392;4.552941176470588;4.4;0.0;0.0;0.0;0.0;0.0;0.0;0.0;0.0;0.0;0.0;0.0;0.0;0.0;0.0"
მ;95.38039215686274;0.05961274509803921;169.92156862745097;0.10620098039215685;74.69803921568628;0.04668627450980392;90.98039215686275;0.056862745098039215;430.9803921568627;0.0673406862745098;34.34442220200182;42.792001819836216;0.4293052775250228;0.5349000227479527;20104.62105725347;74807.94090513657;0.0004908354750306023;0.0018263657447543107;"0.0;0.0;0.0;0.0;0.0;0.0;0.0;0.0;0.0;0.0;0.0;0.0;0.0;0.0;0.0;0.0;0.0;0.0;0.0;0.0;0.0;0.0;0.0;0.0;0.0;0.0;0.0;0.0;0.0;0.0;0.0;2.8901960784313725;13.72549019607843;22.211764705882352;27.870588235294118;31.101960784313725;25.666666666666668;19.75686274509804;14.435294117647059;12.419607843137255;11.470588235294118;10.862745098039216;10.717647058823529;10.611764705882353;10.686274509803921;11.094117647058823;11.815686274509805;13.607843137254902;28.4;40.53333333333333;38.68627450980392;35.792156862745095;26.623529411764707;0.0;0.0;0.0;0.0;0.0;0.0;0.0;0.0;0.0;0.0;0.0;0.0;0.0;0.0;0.0;0.0;0.0;0.0;0.0;0.0;0.0;0.0;0.0;0.0;0.0;0.0;0.0";"0.0;0.0;0.0;0.0;0.0;0.0;0.0;0.0;0.0;0.0;0.0;0.0;3.011764705882353;11.003921568627451;14.31764705882353;16.305882352941175;12.611764705882353;10.215686274509803;9.427450980392157;9.133333333333333;8.984313725490196;8.988235294117647;5.647058823529412;4.333333333333333;4.333333333333333;4.333333333333333;4.333333333333333;4.333333333333333;7.450980392156863;14.56078431372549;17.16078431372549;18.07843137254902;12.580392156862745;9.807843137254903;9.337254901960785;9.156862745098039;9.054901960784314;8.949019607843137;8.945098039215686;8.905882352941177;8.882352941176471;8.890196078431373;8.890196078431373;8.882352941176471;8.870588235294118;8.92156862745098;8.905882352941177;9.003921568627451;9.101960784313725;9.27450980392157;9.60392156862745;10.215686274509803;11.733333333333333;15.39607843137255;13.807843137254903;10.87843137254902;4.419607843137255;0.0;0.0;0.0;0.0;0.0;0.0;0.0;0.0;0.0;0.0;0.0;0.0;0.0;0.0;0.0;0.0;0.0;0.0;0.0;0.0;0.0;0.0;0.0"
ნ;131.2078431372549;0.08200490196078432;115.11764705882354;0.07194852941176472;71.47843137254903;0.04467401960784314;93.93725490196078;0.05871078431372549;411.74117647058824;0.06433455882352941;35.015105625083336;41.111111111111114;0.4376888203135417;0.513888888888889;19152.077559912854;70912.80016658283;0.0004675800185525599;0.0017312695353169636;"0.0;0.0;0.0;0.0;0.0;0.0;0.0;0.0;0.0;0.0;0.0;0.0;0.0;0.0;0.0;0.0;0.0;0.0;0.0;0.0;0.0;0.0;0.0;0.0;0.0;0.0;0.0;0.0;0.0;0.0;0.0;0.0;20.627450980392158;34.88235294117647;38.10980392156863;40.13333333333333;32.42745098039216;13.650980392156862;11.8;11.054901960784314;10.811764705882354;10.662745098039215;10.694117647058823;10.894117647058824;11.2;11.827450980392157;12.898039215686275;14.890196078431373;19.501960784313727;28.105882352941176;26.223529411764705;21.172549019607843;15.305882352941177;4.866666666666666;0.0;0.0;0.0;0.0;0.0;0.0;0.0;0.0;0.0;0.0;0.0;0.0;0.0;0.0;0.0;0.0;0.0;0.0;0.0;0.0;0.0;0.0;0.0;0.0;0.0;0.0";"0.0;0.0;0.0;0.0;0.0;0.0;0.0;0.0;0.0;0.0;0.0;0.0;3.6549019607843136;14.764705882352942;16.462745098039214;17.41176470588235;10.564705882352941;4.411764705882353;4.2;4.243137254901961;4.270588235294118;4.32156862745098;4.333333333333333;4.333333333333333;4.333333333333333;4.333333333333333;4.333333333333333;4.333333333333333;7.4;14.364705882352942;17.5921568627451;18.454901960784312;13.572549019607843;10.196078431372548;9.368627450980393;9.176470588235293;9.07843137254902;8.96078431372549;8.941176470588236;8.913725490196079;8.882352941176471;8.894117647058824;8.894117647058824;8.882352941176471;8.874509803921569;8.905882352941177;8.937254901960785;8.988235294117647;9.101960784313725;9.27843137254902;9.564705882352941;10.188235294117646;11.596078431372549;15.258823529411766;13.772549019607844;10.866666666666667;4.529411764705882;0.0;0.0;0.0;0.0;0.0;0.0;0.0;0.0;0.0;0.0;0.0;0.0;0.0;0.0;0.0;0.0;0.0;0.0;0.0;0.0;0.0;0.0;0.0"
ო;79.47450980392156;0.04967156862745098;131.77254901960785;0.0823578431372549;76.8;0.048;97.6313725490196;0.06101960784313725;385.678431372549;0.060262254901960785;39.20173262293081;42.92513320047179;0.49002165778663515;0.5365641650058974;52414.281395117934;25783.135783376678;0.0012796455418729964;0.0006294710884613446;"0.0;0.0;0.0;0.0;0.0;0.0;0.0;0.0;0.0;0.0;0.0;0.0;0.0;0.0;0.0;0.0;0.0;0.0;0.0;0.0;0.0;0.0;0.0;0.0;0.0;2.549019607843137;12.266666666666667;17.011764705882353;20.24705882352941;22.741176470588236;17.807843137254903;12.737254901960783;10.784313725490197;9.003921568627451;7.392156862745098;6.1686274509803924;5.094117647058823;4.188235294117647;3.9058823529411764;4.376470588235295;5.533333333333333;12.60392156862745;13.717647058823529;12.415686274509804;13.862745098039216;11.188235294117646;5.149019607843138;4.196078431372549;3.8117647058823527;4.086274509803921;5.007843137254902;6.094117647058823;7.341176470588235;9.015686274509804;10.949019607843137;13.16078431372549;19.28235294117647;22.572549019607845;19.992156862745098;16.59607843137255;11.39607843137255;1.4313725490196079;0.0;0.0;0.0;0.0;0.0;0.0;0.0;0.0;0.0;0.0;0.0;0.0;0.0;0.0;0.0;0.0;0.0;0.0";"0.0;0.0;0.0;0.0;0.0;0.0;0.0;0.0;0.0;0.0;0.0;0.0;0.0;0.0;0.0;0.0;0.0;0.0;0.0;0.0;0.0;0.0;0.0;0.0;0.0;0.0;0.0;3.2941176470588234;16.611764705882354;22.87450980392157;26.819607843137256;22.741176470588236;18.137254901960784;16.576470588235296;15.337254901960785;14.537254901960784;13.925490196078432;13.658823529411764;13.415686274509804;13.31764705882353;13.305882352941177;13.321568627450981;13.325490196078432;13.345098039215687;13.380392156862746;10.070588235294117;9.270588235294118;9.333333333333334;9.39607843137255;9.498039215686275;9.60392156862745;9.733333333333333;9.874509803921569;10.066666666666666;10.258823529411766;10.486274509803922;0.1607843137254902;0.0;0.0;0.0;0.0;0.0;0.0;0.0;0.0;0.0;0.0;0.0;0.0;0.0;0.0;0.0;0.0;0.0;0.0;0.0;0.0;0.0;0.0;0.0"
პ;8.011764705882353;0.005007352941176471;147.89411764705883;0.09243382352941178;77.06666666666666;0.04816666666666666;91.7921568627451;0.05737009803921569;324.7647058823529;0.050744485294117646;37.64629596087665;43.53845317877196;0.4705786995109581;0.5442306647346495;11731.448219028238;53575.809024650975;0.0002864123100348691;0.001308003150015893;"0.0;0.0;0.0;0.0;0.0;0.0;0.0;0.0;0.0;0.0;0.0;0.0;0.0;0.0;0.0;0.0;0.0;0.0;0.0;0.0;0.0;0.0;0.0;0.0;0.0;0.0;0.0;0.0;0.0;0.0;0.0;2.411764705882353;11.011764705882353;13.070588235294117;14.341176470588236;15.219607843137254;9.129411764705882;5.172549019607843;4.949019607843137;9.772549019607844;11.976470588235294;13.015686274509804;13.760784313725491;14.48235294117647;14.231372549019607;14.60392156862745;17.2078431372549;23.705882352941178;33.43921568627451;31.44705882352941;26.6;17.933333333333334;7.2823529411764705;0.0;0.0;0.0;0.0;0.0;0.0;0.0;0.0;0.0;0.0;0.0;0.0;0.0;0.0;0.0;0.0;0.0;0.0;0.0;0.0;0.0;0.0;0.0;0.0;0.0;0.0;0.0";"0.0;0.0;0.0;0.0;0.0;0.0;0.0;0.0;0.0;0.0;0.0;0.0;1.4627450980392156;4.996078431372549;5.247058823529412;5.654901960784314;6.188235294117647;6.788235294117647;7.023529411764706;6.4941176470588236;5.517647058823529;4.866666666666666;4.4941176470588236;4.203921568627451;4.0588235294117645;3.9490196078431374;3.9607843137254903;4.015686274509804;4.1686274509803924;5.509803921568627;9.098039215686274;9.168627450980392;10.294117647058824;9.596078431372549;5.0588235294117645;4.6196078431372545;4.4980392156862745;4.47843137254902;4.486274509803922;6.007843137254902;9.066666666666666;9.101960784313725;9.117647058823529;9.125490196078431;9.12156862745098;9.125490196078431;9.156862745098039;9.2;9.294117647058824;9.47843137254902;9.760784313725491;10.384313725490196;11.862745098039216;15.580392156862745;13.968627450980392;11.027450980392157;4.486274509803922;0.0;0.0;0.0;0.0;0.0;0.0;0.0;0.0;0.0;0.0;0.0;0.0;0.0;0.0;0.0;0.0;0.0;0.0;0.0;0.0;0.0;0.0;0.0"
ჟ;40.97254901960784;0.0256078431372549;109.89411764705882;0.06868382352941177;100.1686274509804;0.06260539215686274;142.34117647058824;0.08896323529411765;393.3764705882353;0.061465073529411766;45.05491920128401;43.159085244888395;0.5631864900160501;0.5394885655611049;17794.31104965518;60797.240980863244;0.00043443142211072223;0.0014843076411343566;"0.0;0.0;0.0;0.0;0.0;0.0;0.0;0.0;0.0;0.0;0.0;0.0;0.0;0.0;0.0;0.0;0.0;0.0;0.0;0.0;0.0;0.0;0.0;0.0;0.0;0.0;0.0;0.0;0.0;0.0;0.0;1.8431372549019607;14.176470588235293;18.474509803921567;20.137254901960784;21.50980392156863;17.690196078431374;15.235294117647058;15.352941176470589;16.72156862745098;17.415686274509802;15.866666666666667;13.870588235294118;10.019607843137255;7.145098039215687;7.3843137254901965;7.8392156862745095;8.776470588235295;23.749019607843138;38.129411764705885;37.4078431372549;36.15294117647059;28.478431372549018;0.0;0.0;0.0;0.0;0.0;0.0;0.0;0.0;0.0;0.0;0.0;0.0;0.0;0.0;0.0;0.0;0.0;0.0;0.0;0.0;0.0;0.0;0.0;0.0;0.0;0.0;0.0";"0.0;0.0;0.0;0.0;0.0;0.0;0.0;0.0;0.0;0.0;0.0;0.0;0.0;0.0;0.0;0.0;0.0;0.0;0.0;0.0;0.0;0.0;0.0;0.0;0.0;1.0156862745098039;5.317647058823529;9.858823529411765;14.39607843137255;18.788235294117648;16.929411764705883;11.847058823529412;11.137254901960784;10.337254901960785;9.003921568627451;8.4;8.211764705882352;8.290196078431373;8.462745098039216;8.870588235294118;9.968627450980392;13.784313725490197;14.325490196078432;13.188235294117646;11.24705882352941;6.458823529411765;4.317647058823529;4.317647058823529;4.317647058823529;4.317647058823529;4.317647058823529;4.815686274509804;8.894117647058824;8.890196078431373;8.886274509803922;8.874509803921569;8.866666666666667;8.92156862745098;9.066666666666666;9.301960784313726;9.847058823529412;10.890196078431373;14.596078431372549;16.062745098039215;13.627450980392156;9.443137254901961;0.9647058823529412;0.0;0.0;0.0;0.0;0.0;0.0;0.0;0.0;0.0;0.0;0.0;0.0;0.0"
რ;128.12156862745098;0.08007598039215687;168.90980392156862;0.10556862745098039;78.12549019607843;0.04882843137254902;98.6156862745098;0.06163480392156862;473.7725490196078;0.07402696078431373;35.660199317948546;42.24716915538192;0.4457524914743568;0.528089614442274;59268.52659549466;56366.456872158524;0.0014469855125853188;0.0013761342009804328;"0.0;0.0;0.0;0.0;0.0;0.0;0.0;0.0;0.0;0.0;0.0;0.0;0.0;0.0;0.0;0.0;0.0;0.0;0.0;0.0;0.0;0.0;0.0;0.0;0.0;2.5843137254901962;12.658823529411764;18.231372549019607;22.36862745098039;25.784313725490197;21.972549019607843;16.749019607843138;14.784313725490197;13.113725490196078;11.819607843137256;10.886274509803922;9.890196078431373;8.941176470588236;8.196078431372548;8.266666666666667;9.031372549019608;14.392156862745098;17.51372549019608;15.75686274509804;16.976470588235294;17.15686274509804;9.678431372549019;8.411764705882353;8.027450980392157;5.105882352941176;5.031372549019608;6.0;7.074509803921568;8.490196078431373;10.20392156862745;11.8;14.862745098039216;22.19607843137255;21.019607843137255;18.16862745098039;14.188235294117646;6.43921568627451;0.0;0.0;0.0;0.0;0.0;0.0;0.0;0.0;0.0;0.0;0.0;0.0;0.0;0.0;0.0;0.0;0.0;0.0";"0.0;0.0;0.0;0.0;0.0;0.0;0.0;0.0;0.0;0.0;0.0;0.0;0.2196078431372549;3.5686274509803924;6.525490196078431;8.701960784313725;10.447058823529412;8.709803921568627;6.8392156862745095;5.929411764705883;5.313725490196078;4.819607843137255;4.466666666666667;4.105882352941176;3.83921568627451;3.541176470588235;3.2941176470588234;5.6196078431372545;16.901960784313726;23.905882352941177;27.51764705882353;23.023529411764706;18.133333333333333;16.6;15.596078431372549;14.701960784313725;14.062745098039215;13.733333333333333;13.509803921568627;13.403921568627451;13.364705882352942;13.372549019607844;13.380392156862746;13.364705882352942;13.407843137254902;9.427450980392157;9.235294117647058;9.27450980392157;9.392156862745098;9.52156862745098;9.701960784313725;9.949019607843137;10.239215686274509;10.623529411764705;11.050980392156863;11.435294117647059;0.0;0.0;0.0;0.0;0.0;0.0;0.0;0.0;0.0;0.0;0.0;0.0;0.0;0.0;0.0;0.0;0.0;0.0;0.0;0.0;0.0;0.0;0.0;0.0"
ს;117.06274509803922;0.07316421568627451;66.90588235294118;0.04181617647058824;70.23529411764706;0.043897058823529414;95.34901960784313;0.05959313725490196;349.55294117647054;0.05461764705882352;37.753130048465266;40.57223792855861;0.4719141256058158;0.5071529741069826;17434.779843051027;49105.52402633913;0.00042565380476198796;0.0011988653326742951;"0.0;0.0;0.0;0.0;0.0;0.0;0.0;0.0;0.0;0.0;0.0;0.0;0.0;0.0;0.0;0.0;0.0;0.0;0.0;0.0;0.0;0.0;0.0;0.0;0.0;0.0;0.0;0.0;0.0;0.0;0.0;0.0;24.16078431372549;37.64313725490196;39.60392156862745;40.88627450980392;29.49411764705882;6.352941176470588;4.9411764705882355;4.215686274509804;3.8705882352941177;3.6549019607843136;3.5764705882352943;3.5725490196078433;10.266666666666667;13.196078431372548;15.2;17.71372549019608;18.176470588235293;21.59607843137255;19.129411764705882;16.24705882352941;12.266666666666667;3.788235294117647;0.0;0.0;0.0;0.0;0.0;0.0;0.0;0.0;0.0;0.0;0.0;0.0;0.0;0.0;0.0;0.0;0.0;0.0;0.0;0.0;0.0;0.0;0.0;0.0;0.0;0.0";"0.0;0.0;0.0;0.0;0.0;0.0;0.0;0.0;0.0;0.0;0.0;0.0;0.06274509803921569;4.333333333333333;4.333333333333333;4.333333333333333;4.333333333333333;4.333333333333333;4.333333333333333;4.333333333333333;4.333333333333333;4.333333333333333;4.333333333333333;4.333333333333333;4.333333333333333;8.898039215686275;8.768627450980393;8.635294117647058;8.509803921568627;8.454901960784314;8.533333333333333;8.662745098039215;8.803921568627452;8.894117647058824;9.003921568627451;9.011764705882353;8.988235294117647;8.945098039215686;8.901960784313726;8.894117647058824;8.87843137254902;8.882352941176471;8.882352941176471;8.890196078431373;8.87843137254902;8.858823529411765;8.95686274509804;8.952941176470588;9.070588235294117;9.270588235294118;9.533333333333333;10.227450980392156;11.690196078431372;15.447058823529412;13.83921568627451;10.898039215686275;4.427450980392157;0.0;0.0;0.0;0.0;0.0;0.0;0.0;0.0;0.0;0.0;0.0;0.0;0.0;0.0;0.0;0.0;0.0;0.0;0.0;0.0;0.0;0.0;0.0"
ტ;64.3921568627451;0.040245098039215686;150.01176470588234;0.09375735294117646;117.27450980392157;0.07329656862745099;154.8862745098039;0.09680392156862744;486.5647058823529;0.07602573529411764;43.05731257152989;42.42104711704305;0.5382164071441237;0.5302630889630382;38508.27089238649;78777.2213737406;0.0009401433323336546;0.0019232720061948389;"0.0;0.0;0.0;0.0;0.0;0.0;0.0;0.0;0.0;0.0;0.0;0.0;0.0;0.0;0.0;0.0;0.0;0.0;0.0;0.0;0.0;0.0;0.0;0.0;0.0;0.0;0.0;0.0;6.647058823529412;17.694117647058825;23.101960784313725;26.933333333333334;29.396078431372548;19.345098039215685;14.074509803921568;11.513725490196078;9.72156862745098;8.525490196078431;7.7176470588235295;6.996078431372549;7.011764705882353;25.96078431372549;29.24313725490196;29.23921568627451;28.192156862745097;8.694117647058823;6.8313725490196076;7.545098039215686;8.333333333333334;9.474509803921569;11.109803921568627;13.376470588235295;17.764705882352942;27.976470588235294;26.88235294117647;23.066666666666666;17.63137254901961;6.564705882352941;0.0;0.0;0.0;0.0;0.0;0.0;0.0;0.0;0.0;0.0;0.0;0.0;0.0;0.0;0.0;0.0;0.0;0.0;0.0;0.0;0.0;0.0";"0.0;0.0;0.0;0.0;0.0;0.0;0.0;0.0;0.0;0.0;0.0;0.0;0.0;0.0;0.0;0.0;0.0;0.0;1.5411764705882354;4.372549019607843;4.207843137254902;4.043137254901961;3.8784313725490196;3.7098039215686276;3.541176470588235;4.015686274509804;9.450980392156863;13.690196078431372;15.176470588235293;14.345098039215687;13.72156862745098;13.541176470588235;13.286274509803922;13.176470588235293;13.149019607843137;13.12156862745098;13.031372549019608;13.129411764705882;13.180392156862744;13.094117647058823;13.188235294117646;13.31764705882353;13.31764705882353;13.376470588235295;10.435294117647059;8.980392156862745;8.996078431372549;9.003921568627451;8.972549019607843;8.91764705882353;8.933333333333334;8.886274509803922;8.815686274509805;8.83921568627451;8.843137254901961;8.772549019607844;8.905882352941177;9.047058823529412;9.109803921568627;9.454901960784314;10.07843137254902;11.211764705882352;14.713725490196078;15.670588235294117;12.858823529411765;8.623529411764705;0.8901960784313725;0.0;0.0;0.0;0.0;0.0;0.0;0.0;0.0;0.0;0.0;0.0;0.0;0.0"
უ;53.50588235294118;0.03344117647058824;103.81176470588235;0.06488235294117647;77.52941176470588;0.048455882352941175;135.8470588235294;0.08490441176470588;370.6941176470588;0.05792095588235294;44.88120854359072;43.214732298708306;0.5610151067948841;0.5401841537338539;18303.362210983607;66141.61212053325;0.00044685942897909197;0.0016147854521614562;"0.0;0.0;0.0;0.0;0.0;0.0;0.0;0.0;0.0;0.0;0.0;0.0;0.0;0.0;0.0;0.0;0.0;0.0;0.0;0.0;0.0;0.0;0.0;0.0;0.0;0.0;0.0;0.0;0.0;2.1058823529411765;4.113725490196078;4.776470588235294;13.68235294117647;16.298039215686273;17.498039215686273;18.215686274509803;14.388235294117647;8.819607843137256;15.701960784313725;15.435294117647059;16.462745098039214;17.619607843137256;8.905882352941177;7.105882352941176;7.011764705882353;7.1607843137254905;7.596078431372549;8.780392156862746;16.898039215686275;38.07450980392157;36.615686274509805;34.345098039215685;30.08235294117647;3.0;0.0;0.0;0.0;0.0;0.0;0.0;0.0;0.0;0.0;0.0;0.0;0.0;0.0;0.0;0.0;0.0;0.0;0.0;0.0;0.0;0.0;0.0;0.0;0.0;0.0;0.0";"0.0;0.0;0.0;0.0;0.0;0.0;0.0;0.0;0.0;0.0;0.0;0.0;0.0;0.0;0.0;0.0;0.0;0.0;0.0;0.0;0.0;0.0;0.0;0.0;0.4588235294117647;5.074509803921568;14.694117647058823;18.458823529411763;20.2078431372549;13.709803921568627;9.811764705882354;8.850980392156863;8.48235294117647;8.388235294117647;8.337254901960785;8.282352941176471;8.227450980392156;8.16470588235294;8.109803921568627;8.058823529411764;8.003921568627451;5.227450980392157;4.313725490196078;4.313725490196078;4.313725490196078;4.313725490196078;4.313725490196078;4.313725490196078;4.313725490196078;4.949019607843137;8.83921568627451;8.847058823529412;8.854901960784314;8.854901960784314;8.866666666666667;8.866666666666667;8.862745098039216;8.92156862745098;9.074509803921568;9.313725490196079;9.850980392156863;10.905882352941177;14.647058823529411;16.145098039215686;13.698039215686274;9.48235294117647;0.9686274509803922;0.0;0.0;0.0;0.0;0.0;0.0;0.0;0.0;0.0;0.0;0.0;0.0;0.0"
ფ;92.99215686274509;0.05812009803921568;154.57254901960783;0.0966078431372549;122.17647058823529;0.07636029411764705;212.2627450980392;0.1326642156862745;582.0039215686274;0.09093811274509804;43.42041358120355;43.78988080398353;0.5427551697650443;0.5473735100497941;71974.11624702519;87051.4616275074;0.0017571805724371384;0.0021252798248903174;"0.0;0.0;0.0;0.0;0.0;0.0;0.0;0.0;0.0;0.0;0.0;0.0;0.0;0.0;0.0;0.0;0.0;0.0;0.0;0.0;0.0;0.0;0.0;0.0;2.631372549019608;12.447058823529412;16.772549019607844;19.435294117647057;21.270588235294117;15.658823529411764;10.525490196078431;8.670588235294117;10.63921568627451;13.101960784313725;14.333333333333334;14.952941176470588;14.972549019607843;13.309803921568628;12.788235294117648;13.658823529411764;16.223529411764705;23.827450980392157;23.686274509803923;21.27843137254902;19.258823529411764;15.462745098039216;7.901960784313726;7.568627450980392;7.345098039215686;7.713725490196079;11.027450980392157;11.12156862745098;11.658823529411764;12.60392156862745;14.388235294117647;17.301960784313724;24.254901960784313;32.45882352941177;30.305882352941175;26.03921568627451;19.54901960784314;5.858823529411764;0.0;0.0;0.0;0.0;0.0;0.0;0.0;0.0;0.0;0.0;0.0;0.0;0.0;0.0;0.0;0.0;0.0;0.0";"0.0;0.0;0.0;0.0;0.0;0.0;0.0;0.0;0.0;0.0;0.0;0.0;0.0;0.0;0.0;0.0;0.0;0.0;0.0;0.0;0.0;0.0;0.0;0.0;0.0;2.9215686274509802;17.50980392156863;24.51764705882353;28.890196078431373;25.31764705882353;19.71764705882353;17.12156862745098;15.392156862745098;14.207843137254901;13.807843137254903;13.72156862745098;13.662745098039215;13.650980392156862;13.6;13.525490196078431;13.466666666666667;13.60392156862745;13.678431372549019;14.090196078431372;14.733333333333333;16.623529411764707;18.345098039215685;22.188235294117646;22.270588235294117;18.705882352941178;9.68235294117647;4.549019607843137;4.549019607843137;4.56078431372549;4.564705882352941;4.980392156862745;8.019607843137255;9.47843137254902;9.75294117647059;10.07843137254902;10.843137254901961;12.352941176470589;18.694117647058825;21.905882352941177;18.55686274509804;12.850980392156863;1.3137254901960784;0.0;0.0;0.0;0.0;0.0;0.0;0.0;0.0;0.0;0.0;0.0;0.0;0.0"
ქ;64.3686274509804;0.04023039215686275;153.06274509803922;0.0956642156862745;78.43137254901961;0.04901960784313726;130.74117647058824;0.08171323529411766;426.60392156862747;0.06665686274509804;41.05576187674658;43.89109611707604;0.5131970234593323;0.5486387014634505;20117.109081172548;104572.14803315944;0.0004911403584270641;0.0025530309578408066;"0.0;0.0;0.0;0.0;0.0;0.0;0.0;0.0;0.0;0.0;0.0;0.0;0.0;0.0;0.0;0.0;0.0;0.0;0.0;0.0;0.0;0.0;0.0;0.0;0.0;0.0;0.0;0.0;0.0;0.0;0.0;1.807843137254902;11.933333333333334;22.24705882352941;26.145098039215686;27.949019607843137;23.780392156862746;13.129411764705882;8.286274509803922;7.52156862745098;7.207843137254902;7.0588235294117645;7.047058823529412;7.023529411764706;7.180392156862745;7.407843137254902;8.031372549019608;9.584313725490196;51.93333333333333;52.92549019607843;51.74901960784314;49.76470588235294;16.890196078431373;0.0;0.0;0.0;0.0;0.0;0.0;0.0;0.0;0.0;0.0;0.0;0.0;0.0;0.0;0.0;0.0;0.0;0.0;0.0;0.0;0.0;0.0;0.0;0.0;0.0;0.0;0.0";"0.0;0.0;0.0;0.0;0.0;0.0;0.0;0.0;0.0;0.0;0.12941176470588237;4.317647058823529;4.317647058823529;4.317647058823529;4.317647058823529;4.317647058823529;4.317647058823529;4.317647058823529;4.317647058823529;4.317647058823529;4.317647058823529;4.317647058823529;4.317647058823529;4.317647058823529;4.317647058823529;5.866666666666666;12.976470588235294;16.603921568627452;18.109803921568627;14.454901960784314;10.290196078431373;8.698039215686274;8.56078431372549;8.556862745098039;8.64313725490196;8.811764705882354;8.819607843137256;8.819607843137256;8.823529411764707;8.819607843137256;6.290196078431372;4.317647058823529;4.317647058823529;4.317647058823529;4.317647058823529;4.317647058823529;4.317647058823529;4.317647058823529;4.317647058823529;4.819607843137255;8.941176470588236;8.929411764705883;8.913725490196079;8.901960784313726;8.890196078431373;8.87843137254902;8.862745098039216;8.913725490196079;9.047058823529412;9.27450980392157;9.780392156862746;10.75686274509804;14.294117647058824;15.674509803921568;13.305882352941177;9.215686274509803;0.9411764705882353;0.0;0.0;0.0;0.0;0.0;0.0;0.0;0.0;0.0;0.0;0.0;0.0;0.0"
ღ;88.12941176470588;0.055080882352941174;145.34901960784313;0.09084313725490195;109.25098039215686;0.06828186274509804;107.03529411764706;0.0668970588235294;449.7647058823529;0.07027573529411764;41.25926410323481;42.081602580870175;0.5157408012904352;0.5260200322608772;52169.15012331622;60906.156007412996;0.001273660891682525;0.0014869666993997314;"0.0;0.0;0.0;0.0;0.0;0.0;0.0;0.0;0.0;0.0;0.0;0.0;0.0;0.0;0.0;0.0;0.0;0.0;0.0;0.0;0.0;0.0;0.0;0.0;0.0;2.454901960784314;11.890196078431373;16.44705882352941;19.50588235294118;21.847058823529412;18.145098039215686;15.098039215686274;14.580392156862745;13.258823529411766;12.345098039215687;11.729411764705882;11.325490196078432;10.298039215686275;9.486274509803922;8.968627450980392;9.16078431372549;14.486274509803922;15.501960784313725;14.172549019607843;15.75686274509804;13.937254901960785;9.341176470588236;9.949019607843137;10.823529411764707;9.827450980392157;8.694117647058823;7.133333333333334;5.019607843137255;6.023529411764706;8.105882352941176;11.058823529411764;16.91764705882353;20.984313725490196;18.44705882352941;15.184313725490195;10.4;1.4588235294117646;0.0;0.0;0.0;0.0;0.0;0.0;0.0;0.0;0.0;0.0;0.0;0.0;0.0;0.0;0.0;0.0;0.0;0.0";"0.0;0.0;0.0;0.0;0.0;0.0;0.0;0.0;0.0;0.0;0.0;0.0;0.0;0.0;0.0;0.0;0.0;0.0;0.0;0.0;0.0;0.0;0.0;0.0;0.0;2.980392156862745;16.56078431372549;23.0;27.04705882352941;22.16078431372549;17.349019607843136;15.858823529411765;14.75294117647059;13.972549019607843;13.576470588235294;13.352941176470589;13.250980392156864;13.227450980392156;13.2;13.188235294117646;13.172549019607843;9.784313725490197;9.219607843137254;9.227450980392156;9.313725490196079;9.368627450980393;9.43921568627451;9.568627450980392;9.650980392156862;5.2;4.796078431372549;5.035294117647059;5.254901960784314;5.670588235294118;6.1647058823529415;7.0627450980392155;10.992156862745098;15.035294117647059;16.788235294117648;11.890196078431373;8.803921568627452;6.36078431372549;4.874509803921568;4.682352941176471;4.588235294117647;4.341176470588235;0.0;0.0;0.0;0.0;0.0;0.0;0.0;0.0;0.0;0.0;0.0;0.0;0.0;0.0"
ყ;64.43137254901961;0.04026960784313726;62.74901960784314;0.03921813725490196;102.95294117647059;0.06434558823529411;162.89803921568628;0.10181127450980393;393.0313725490196;0.06141115196078431;46.15783802121269;42.674146652963884;0.5769729752651587;0.5334268331620485;19722.840319186256;54634.14964840171;0.0004815146562301332;0.0013338415441504325;"0.0;0.0;0.0;0.0;0.0;0.0;0.0;0.0;0.0;0.0;0.0;0.0;0.0;0.0;0.0;0.0;0.0;0.0;0.0;0.0;0.0;0.0;0.0;0.0;0.0;0.0;0.0;0.0;0.0;0.0;0.0;1.9529411764705882;13.764705882352942;22.827450980392157;27.56078431372549;30.91372549019608;27.972549019607843;17.937254901960785;13.509803921568627;10.945098039215686;9.090196078431372;7.643137254901961;7.098039215686274;7.090196078431372;7.184313725490196;7.364705882352941;7.792156862745098;8.701960784313725;23.380392156862744;38.188235294117646;37.26274509803922;35.80392156862745;29.04705882352941;0.0;0.0;0.0;0.0;0.0;0.0;0.0;0.0;0.0;0.0;0.0;0.0;0.0;0.0;0.0;0.0;0.0;0.0;0.0;0.0;0.0;0.0;0.0;0.0;0.0;0.0;0.0";"0.0;0.0;0.0;0.0;0.0;0.0;0.0;0.0;0.0;0.0;0.0;0.0;0.0;0.0;0.0;0.0;0.0;0.0;0.0;0.0;0.0;0.0;0.0;0.0;0.0;0.0;9.286274509803922;9.462745098039216;9.372549019607844;9.286274509803922;9.2;9.12156862745098;9.050980392156863;8.988235294117647;8.937254901960785;8.909803921568628;8.890196078431373;8.87843137254902;8.870588235294118;8.925490196078432;8.952941176470588;9.090196078431372;9.51764705882353;12.050980392156863;17.48235294117647;17.807843137254903;15.564705882352941;9.79607843137255;4.333333333333333;4.333333333333333;4.333333333333333;4.8431372549019605;8.988235294117647;8.952941176470588;8.925490196078432;8.894117647058824;8.886274509803922;8.945098039215686;9.105882352941176;9.341176470588236;9.890196078431373;10.933333333333334;14.647058823529411;16.113725490196078;13.674509803921568;9.47843137254902;0.9686274509803922;0.0;0.0;0.0;0.0;0.0;0.0;0.0;0.0;0.0;0.0;0.0;0.0;0.0"
შ;101.15294117647059;0.06322058823529413;173.05882352941177;0.10816176470588236;75.17647058823529;0.046985294117647056;89.97647058823529;0.05623529411764706;439.36470588235295;0.06865073529411765;33.88961780824363;42.43458469447866;0.4236202226030453;0.5304323086809832;21188.063024415034;78790.00746444923;0.0005172866949320077;0.0019235841666125299;"0.0;0.0;0.0;0.0;0.0;0.0;0.0;0.0;0.0;0.0;0.0;0.0;0.0;0.0;0.0;0.0;0.0;0.0;0.0;0.0;0.0;0.0;0.0;0.0;0.0;0.0;0.0;0.0;0.0;0.0;2.368627450980392;10.674509803921568;19.776470588235295;23.521568627450982;25.968627450980392;27.16078431372549;17.901960784313726;17.031372549019608;15.701960784313725;16.223529411764705;16.266666666666666;11.313725490196079;10.454901960784314;10.39607843137255;10.52156862745098;10.843137254901961;11.494117647058824;13.066666666666666;33.02745098039216;41.05882352941177;39.25098039215686;36.26274509803922;19.07843137254902;0.0;0.0;0.0;0.0;0.0;0.0;0.0;0.0;0.0;0.0;0.0;0.0;0.0;0.0;0.0;0.0;0.0;0.0;0.0;0.0;0.0;0.0;0.0;0.0;0.0;0.0;0.0";"0.0;0.0;0.0;0.0;0.0;0.0;0.0;0.0;0.0;0.0;0.0;0.0;4.694117647058824;13.749019607843136;17.145098039215686;18.88235294117647;14.196078431372548;9.572549019607843;8.258823529411766;8.003921568627451;7.976470588235294;7.964705882352941;7.654901960784314;5.898039215686275;4.192156862745098;4.192156862745098;4.192156862745098;4.192156862745098;7.419607843137255;14.882352941176471;17.23921568627451;18.08627450980392;12.333333333333334;9.498039215686275;9.207843137254901;9.050980392156863;8.992156862745098;8.925490196078432;8.894117647058824;8.91764705882353;8.87843137254902;8.882352941176471;8.890196078431373;8.890196078431373;8.87843137254902;8.866666666666667;8.862745098039216;8.83921568627451;8.933333333333334;9.058823529411764;9.36078431372549;10.003921568627451;11.592156862745098;15.596078431372549;14.027450980392157;11.062745098039215;4.529411764705882;0.0;0.0;0.0;0.0;0.0;0.0;0.0;0.0;0.0;0.0;0.0;0.0;0.0;0.0;0.0;0.0;0.0;0.0;0.0;0.0;0.0;0.0;0.0"
ჩ;132.16862745098038;0.08260539215686274;124.23137254901961;0.07764460784313726;69.33333333333333;0.04333333333333333;77.63529411764706;0.04852205882352942;403.36862745098034;0.06302634803921568;33.92506246414995;40.934074801427194;0.4240632808018744;0.5116759350178399;19601.521416582265;63455.89953519085;0.000478552768959528;0.0015492162972458705;"0.0;0.0;0.0;0.0;0.0;0.0;0.0;0.0;0.0;0.0;0.0;0.0;0.0;0.0;0.0;0.0;0.0;0.0;0.0;0.0;0.0;0.0;0.0;0.0;0.0;0.0;0.0;0.0;0.0;0.0;0.0;0.0;26.49019607843137;39.96078431372549;41.33725490196078;42.1764705882353;30.20392156862745;7.698039215686275;6.949019607843137;6.686274509803922;6.694117647058824;6.76078431372549;6.905882352941177;7.215686274509804;11.015686274509804;16.16078431372549;18.12156862745098;20.607843137254903;23.250980392156862;25.4;22.525490196078433;18.91372549019608;13.984313725490196;4.309803921568627;0.0;0.0;0.0;0.0;0.0;0.0;0.0;0.0;0.0;0.0;0.0;0.0;0.0;0.0;0.0;0.0;0.0;0.0;0.0;0.0;0.0;0.0;0.0;0.0;0.0;0.0";"0.0;0.0;0.0;0.0;0.0;0.0;0.0;0.0;0.0;0.0;0.0;0.0;2.76078431372549;9.894117647058824;12.729411764705882;13.768627450980393;9.949019607843137;8.8;8.462745098039216;8.43921568627451;8.450980392156863;8.513725490196078;6.705882352941177;4.333333333333333;4.333333333333333;4.333333333333333;4.333333333333333;4.333333333333333;7.823529411764706;14.894117647058824;17.890196078431373;18.71372549019608;12.866666666666667;9.780392156862746;9.321568627450981;9.125490196078431;9.011764705882353;8.984313725490196;8.91764705882353;8.929411764705883;8.925490196078432;8.933333333333334;8.941176470588236;8.96078431372549;8.992156862745098;9.027450980392157;9.066666666666666;9.109803921568627;9.16470588235294;9.223529411764705;9.282352941176471;9.352941176470589;9.419607843137255;9.494117647058824;9.572549019607843;9.501960784313725;0.0;0.0;0.0;0.0;0.0;0.0;0.0;0.0;0.0;0.0;0.0;0.0;0.0;0.0;0.0;0.0;0.0;0.0;0.0;0.0;0.0;0.0;0.0;0.0"
ც;63.45490196078431;0.0396593137254902;65.70588235294117;0.04106617647058823;118.00784313725491;0.07375490196078432;160.58039215686276;0.10036274509803922;407.74901960784314;0.0637107843137255;46.30809994614142;42.04098061091021;0.5788512493267677;0.5255122576363777;28268.85639849769;55283.60399304063;0.0006901576269164475;0.0013496973631113437;"0.0;0.0;0.0;0.0;0.0;0.0;0.0;0.0;0.0;0.0;0.0;0.0;0.0;0.0;0.0;0.0;0.0;0.0;0.0;0.0;0.0;0.0;0.0;0.0;0.0;0.0;0.0;0.0;0.0;0.0;10.541176470588235;24.337254901960783;30.780392156862746;34.82745098039216;35.180392156862744;18.87843137254902;11.337254901960785;6.8352941176470585;4.623529411764705;4.12156862745098;3.8117647058823527;6.556862745098039;7.007843137254902;7.003921568627451;7.341176470588235;10.709803921568627;12.729411764705882;14.447058823529412;16.71372549019608;19.58823529411765;25.00392156862745;30.50588235294118;27.070588235294117;22.301960784313724;13.407843137254902;2.0862745098039217;0.0;0.0;0.0;0.0;0.0;0.0;0.0;0.0;0.0;0.0;0.0;0.0;0.0;0.0;0.0;0.0;0.0;0.0;0.0;0.0;0.0;0.0;0.0;0.0";"0.0;0.0;0.0;0.0;0.0;0.0;0.0;0.0;0.0;0.0;0.0;0.0;0.0;0.0;0.0;0.0;0.0;0.0;0.0;0.0;0.0;0.0;0.0;0.0;0.0;0.0;6.243137254901961;9.494117647058824;9.60392156862745;9.729411764705882;9.984313725490196;10.341176470588236;10.349019607843138;9.843137254901961;9.329411764705883;9.031372549019608;8.909803921568628;8.858823529411765;8.768627450980393;8.674509803921568;8.662745098039215;9.31764705882353;14.486274509803922;13.615686274509804;15.149019607843137;12.807843137254903;9.505882352941176;9.149019607843137;9.03921568627451;8.988235294117647;8.96078431372549;8.941176470588236;8.937254901960785;8.933333333333334;8.925490196078432;8.941176470588236;9.050980392156863;9.098039215686274;9.341176470588236;9.64313725490196;10.2;11.372549019607844;15.094117647058823;16.36470588235294;13.729411764705882;9.384313725490196;0.9490196078431372;0.0;0.0;0.0;0.0;0.0;0.0;0.0;0.0;0.0;0.0;0.0;0.0;0.0"
ძ;52.16078431372549;0.032600490196078434;146.2156862745098;0.09138480392156863;75.07843137254902;0.046924019607843134;87.52156862745097;0.05470098039215686;360.97647058823526;0.05640257352941176;37.53536703277602;43.622972547230276;0.4691920879097003;0.5452871568403784;18005.781420594616;48010.60828480313;0.00043959427296373573;0.0011721339913282015;"0.0;0.0;0.0;0.0;0.0;0.0;0.0;0.0;0.0;0.0;0.0;0.0;0.0;0.0;0.0;0.0;0.0;0.0;0.0;0.0;0.0;0.0;0.0;0.0;0.0;0.0;0.0;0.0;0.0;0.0;0.0;2.9568627450980394;14.023529411764706;18.890196078431373;21.901960784313726;23.96470588235294;17.301960784313724;11.231372549019607;9.007843137254902;7.96078431372549;7.349019607843137;7.137254901960785;7.098039215686274;7.098039215686274;7.227450980392157;7.427450980392157;7.956862745098039;9.035294117647059;25.15686274509804;41.07058823529412;39.87450980392157;38.015686274509804;29.29019607843137;0.0;0.0;0.0;0.0;0.0;0.0;0.0;0.0;0.0;0.0;0.0;0.0;0.0;0.0;0.0;0.0;0.0;0.0;0.0;0.0;0.0;0.0;0.0;0.0;0.0;0.0;0.0";"0.0;0.0;0.0;0.0;0.0;0.0;0.0;0.0;0.0;0.0;0.0;0.0;0.12941176470588237;4.301960784313725;4.301960784313725;4.301960784313725;4.301960784313725;4.301960784313725;4.301960784313725;4.301960784313725;4.301960784313725;4.301960784313725;4.301960784313725;4.301960784313725;4.301960784313725;4.301960784313725;4.301960784313725;4.301960784313725;7.513725490196078;14.286274509803922;17.294117647058822;18.12549019607843;12.96078431372549;9.8;9.152941176470588;9.015686274509804;8.952941176470588;8.874509803921569;8.874509803921569;8.866666666666667;8.843137254901961;8.850980392156863;8.858823529411765;8.83921568627451;8.784313725490197;8.815686274509805;8.811764705882354;8.79607843137255;8.913725490196079;9.050980392156863;9.333333333333334;9.976470588235294;11.466666666666667;15.168627450980392;13.513725490196078;10.541176470588235;4.035294117647059;0.0;0.0;0.0;0.0;0.0;0.0;0.0;0.0;0.0;0.0;0.0;0.0;0.0;0.0;0.0;0.0;0.0;0.0;0.0;0.0;0.0;0.0;0.0"
წ;134.7686274509804;0.08423039215686275;141.8862745098039;0.08867892156862744;71.50588235294117;0.044691176470588234;92.43137254901961;0.057769607843137255;440.59215686274507;0.06884252450980392;33.77837313419551;41.486973858710655;0.4222296641774439;0.5185871732338831;21108.17524016558;78617.86467075085;0.000515336309574355;0.0019193814616882531;"0.0;0.0;0.0;0.0;0.0;0.0;0.0;0.0;0.0;0.0;0.0;0.0;0.0;0.0;0.0;0.0;0.0;0.0;0.0;0.0;0.0;0.0;0.0;0.0;0.0;0.0;0.0;0.0;0.0;0.0;0.0;0.0;20.737254901960785;36.06666666666667;39.13333333333333;41.0078431372549;33.16078431372549;13.537254901960784;11.694117647058823;10.937254901960785;10.549019607843137;10.431372549019608;10.466666666666667;11.545098039215686;16.32941176470588;16.223529411764705;15.8;17.050980392156863;18.43921568627451;27.32156862745098;25.764705882352942;23.24313725490196;19.352941176470587;9.823529411764707;1.9764705882352942;0.0;0.0;0.0;0.0;0.0;0.0;0.0;0.0;0.0;0.0;0.0;0.0;0.0;0.0;0.0;0.0;0.0;0.0;0.0;0.0;0.0;0.0;0.0;0.0;0.0";"0.0;0.0;0.0;0.0;0.0;0.0;0.0;0.0;0.0;0.0;0.0;0.0;4.682352941176471;13.737254901960783;17.141176470588235;18.949019607843137;14.4;9.792156862745099;8.458823529411765;8.149019607843137;8.101960784313725;8.086274509803921;7.768627450980392;6.0;4.317647058823529;4.317647058823529;4.317647058823529;4.317647058823529;7.701960784313726;14.466666666666667;17.31764705882353;18.145098039215686;12.745098039215685;9.733333333333333;9.207843137254901;9.066666666666666;9.003921568627451;8.913725490196079;8.913725490196079;8.901960784313726;8.874509803921569;8.890196078431373;8.898039215686275;8.886274509803922;8.83921568627451;8.854901960784314;8.843137254901961;8.854901960784314;8.949019607843137;9.105882352941176;9.376470588235295;10.015686274509804;11.494117647058824;15.270588235294118;13.678431372549019;10.75294117647059;4.352941176470588;0.0;0.0;0.0;0.0;0.0;0.0;0.0;0.0;0.0;0.0;0.0;0.0;0.0;0.0;0.0;0.0;0.0;0.0;0.0;0.0;0.0;0.0;0.0"
ჭ;65.15686274509804;0.04072303921568628;155.33333333333334;0.09708333333333334;83.49411764705883;0.05218382352941177;141.10980392156864;0.0881936274509804;445.09411764705885;0.06954595588235295;41.24717398391175;42.42358963515097;0.5155896747988968;0.5302948704393871;16079.443455336655;105633.92071002093;0.00039256453748380505;0.0025789531423344955;"0.0;0.0;0.0;0.0;0.0;0.0;0.0;0.0;0.0;0.0;0.0;0.0;0.0;0.0;0.0;0.0;0.0;0.0;0.0;0.0;0.0;0.0;0.0;0.0;0.0;0.0;0.0;0.0;0.0;0.0;0.0;1.8784313725490196;15.2;23.45098039215686;26.458823529411763;25.372549019607842;21.6;12.866666666666667;11.188235294117646;10.635294117647058;8.192156862745097;6.886274509803922;22.63137254901961;31.905882352941177;34.89019607843137;37.4078431372549;30.384313725490195;19.607843137254903;22.619607843137256;24.698039215686276;21.815686274509805;18.49019607843137;13.678431372549019;3.235294117647059;0.0;0.0;0.0;0.0;0.0;0.0;0.0;0.0;0.0;0.0;0.0;0.0;0.0;0.0;0.0;0.0;0.0;0.0;0.0;0.0;0.0;0.0;0.0;0.0;0.0;0.0";"0.0;0.0;0.0;0.0;0.0;0.0;0.0;0.0;0.0;0.0;0.06666666666666667;4.270588235294118;4.270588235294118;4.270588235294118;4.270588235294118;4.270588235294118;4.270588235294118;4.270588235294118;4.270588235294118;4.270588235294118;4.270588235294118;4.270588235294118;4.270588235294118;4.270588235294118;4.270588235294118;4.270588235294118;12.254901960784315;18.537254901960786;19.909803921568628;16.745098039215687;8.909803921568628;8.286274509803922;8.074509803921568;7.972549019607843;7.984313725490196;8.04313725490196;8.219607843137254;8.690196078431372;11.023529411764706;11.713725490196078;10.694117647058823;8.20392156862745;4.572549019607843;4.6117647058823525;4.658823529411765;4.701960784313726;4.733333333333333;4.733333333333333;4.713725490196079;5.337254901960784;9.133333333333333;9.125490196078431;9.145098039215686;9.117647058823529;9.125490196078431;9.141176470588235;9.105882352941176;9.141176470588235;9.27843137254902;9.490196078431373;10.003921568627451;11.007843137254902;14.654901960784313;16.08627450980392;13.662745098039215;9.458823529411765;0.9647058823529412;0.0;0.0;0.0;0.0;0.0;0.0;0.0;0.0;0.0;0.0;0.0;0.0;0.0"
ხ;128.94509803921568;0.0805906862745098;74.69019607843137;0.046681372549019606;68.4235294117647;0.04276470588235294;93.97254901960784;0.0587328431372549;366.0313725490196;0.05719240196078431;37.32187319205468;40.634853971587134;0.4665234149006835;0.5079356746448391;18411.894482586795;48804.77240663177;0.00044950914264127917;0.0011915227638337833;"0.0;0.0;0.0;0.0;0.0;0.0;0.0;0.0;0.0;0.0;0.0;0.0;0.0;0.0;0.0;0.0;0.0;0.0;0.0;0.0;0.0;0.0;0.0;0.0;0.0;0.0;0.0;0.0;0.0;0.0;0.0;0.0;23.76078431372549;37.305882352941175;39.38823529411765;40.73725490196078;30.5921568627451;9.611764705882353;8.309803921568628;7.662745098039216;7.364705882352941;7.152941176470589;7.098039215686274;7.1686274509803924;7.329411764705882;7.9411764705882355;8.929411764705883;11.003921568627451;15.8;24.992156862745098;23.050980392156863;20.180392156862744;15.662745098039215;4.988235294117647;0.0;0.0;0.0;0.0;0.0;0.0;0.0;0.0;0.0;0.0;0.0;0.0;0.0;0.0;0.0;0.0;0.0;0.0;0.0;0.0;0.0;0.0;0.0;0.0;0.0;0.0";"0.0;0.0;0.0;0.0;0.0;0.0;0.0;0.0;0.0;0.0;0.0;0.0;0.06274509803921569;4.333333333333333;4.333333333333333;4.333333333333333;4.333333333333333;4.333333333333333;4.333333333333333;4.333333333333333;4.333333333333333;4.333333333333333;4.333333333333333;4.333333333333333;4.333333333333333;4.333333333333333;4.333333333333333;6.117647058823529;13.701960784313725;17.08235294117647;18.141176470588235;14.631372549019607;10.16470588235294;9.298039215686275;9.098039215686274;9.019607843137255;8.952941176470588;8.901960784313726;8.92156862745098;8.874509803921569;8.882352941176471;8.890196078431373;8.886274509803922;8.831372549019608;8.803921568627452;8.843137254901961;8.79607843137255;8.811764705882354;8.941176470588236;9.035294117647059;9.341176470588236;9.925490196078432;11.372549019607844;14.952941176470588;13.380392156862746;10.47843137254902;4.223529411764706;0.0;0.0;0.0;0.0;0.0;0.0;0.0;0.0;0.0;0.0;0.0;0.0;0.0;0.0;0.0;0.0;0.0;0.0;0.0;0.0;0.0;0.0;0.0"
ჯ;40.73725490196078;0.02546078431372549;88.56862745098039;0.05535539215686274;65.03921568627452;0.040649509803921575;114.72156862745098;0.07170098039215686;309.0666666666667;0.04829166666666668;43.752588438308884;41.233035578338324;0.546907355478861;0.515412944729229;6001.380661051915;43158.83420375916;0.00014651808254521277;0.0010536824756777138;"0.0;0.0;0.0;0.0;0.0;0.0;0.0;0.0;0.0;0.0;0.0;0.0;0.0;0.0;0.0;0.0;0.0;0.0;0.0;0.0;0.0;0.0;0.0;0.0;0.0;0.0;0.0;0.0;0.0;0.0;0.25882352941176473;2.203921568627451;5.9411764705882355;8.31764705882353;8.447058823529412;10.51764705882353;13.011764705882353;15.552941176470588;17.91764705882353;23.607843137254903;24.847058823529412;23.44705882352941;26.027450980392157;25.929411764705883;27.105882352941176;25.24313725490196;19.603921568627452;11.75686274509804;6.117647058823529;4.215686274509804;4.309803921568627;3.392156862745098;1.2823529411764707;0.011764705882352941;0.0;0.0;0.0;0.0;0.0;0.0;0.0;0.0;0.0;0.0;0.0;0.0;0.0;0.0;0.0;0.0;0.0;0.0;0.0;0.0;0.0;0.0;0.0;0.0;0.0;0.0";"0.0;0.0;0.0;0.0;0.0;0.0;0.0;0.0;0.0;0.0;0.0;0.0;0.0;0.0;0.0;0.0;0.0;0.0;0.0;0.0;0.0;0.0;0.0;0.0;3.6588235294117646;7.4;8.525490196078431;8.066666666666666;4.796078431372549;4.286274509803921;4.211764705882353;5.705882352941177;8.411764705882353;11.011764705882353;13.172549019607843;13.27450980392157;11.576470588235294;8.976470588235294;7.811764705882353;8.419607843137255;10.72549019607843;11.819607843137256;11.117647058823529;8.937254901960785;6.76078431372549;5.0549019607843135;4.968627450980392;5.011764705882353;5.305882352941176;7.313725490196078;7.858823529411764;7.219607843137255;5.847058823529411;5.176470588235294;4.862745098039215;4.713725490196079;4.627450980392157;4.631372549019608;4.7254901960784315;5.007843137254902;5.647058823529412;7.015686274509804;10.541176470588235;10.345098039215687;8.48235294117647;5.588235294117647;0.4549019607843137;0.0;0.0;0.0;0.0;0.0;0.0;0.0;0.0;0.0;0.0;0.0;0.0;0.0"
ჰ;5.968627450980392;0.0037303921568627454;153.98823529411766;0.09624264705882353;68.73333333333333;0.042958333333333334;96.08235294117647;0.06005147058823529;324.7725490196078;0.050745710784313725;37.44356834949347;44.07063767100958;0.46804460436866835;0.5508829708876197;10948.630469116055;56830.543202671994;0.00026730054856240366;0.0013874644336589843;"0.0;0.0;0.0;0.0;0.0;0.0;0.0;0.0;0.0;0.0;0.0;0.0;0.0;0.0;0.0;0.0;0.0;0.0;0.0;0.0;0.0;0.0;0.0;0.0;0.0;0.0;0.0;0.0;0.0;0.0;0.0;1.5215686274509803;8.60392156862745;11.07843137254902;12.24313725490196;13.047058823529412;9.305882352941177;4.9411764705882355;6.2745098039215685;7.686274509803922;8.407843137254902;13.694117647058823;15.407843137254902;14.588235294117647;14.51764705882353;14.95686274509804;16.949019607843137;24.43921568627451;36.333333333333336;33.84313725490196;29.00392156862745;21.262745098039215;6.666666666666667;0.0;0.0;0.0;0.0;0.0;0.0;0.0;0.0;0.0;0.0;0.0;0.0;0.0;0.0;0.0;0.0;0.0;0.0;0.0;0.0;0.0;0.0;0.0;0.0;0.0;0.0;0.0";"0.0;0.0;0.0;0.0;0.0;0.0;0.0;0.0;0.0;0.0;0.0;0.0;2.3294117647058825;4.466666666666667;5.101960784313725;6.207843137254902;7.737254901960784;8.419607843137255;7.670588235294118;6.325490196078431;5.349019607843137;4.737254901960784;4.411764705882353;4.313725490196078;4.227450980392157;4.125490196078432;4.7176470588235295;8.341176470588236;7.223529411764706;8.776470588235295;6.152941176470589;4.450980392156863;4.509803921568627;4.564705882352941;4.564705882352941;4.458823529411765;4.3843137254901965;7.015686274509804;7.996078431372549;7.376470588235295;7.745098039215686;4.219607843137255;8.64313725490196;8.854901960784314;9.027450980392157;9.117647058823529;9.12156862745098;9.12156862745098;9.24705882352941;9.35686274509804;9.741176470588234;10.380392156862746;12.125490196078431;16.415686274509802;14.894117647058824;11.862745098039216;4.9411764705882355;0.0;0.0;0.0;0.0;0.0;0.0;0.0;0.0;0.0;0.0;0.0;0.0;0.0;0.0;0.0;0.0;0.0;0.0;0.0;0.0;0.0;0.0;0.0"
